Date,"Dart (bahasa pemrograman)"
2015-07,0
2015-08,0
2015-09,0
2015-10,0
2015-11,0
2015-12,0
2016-01,0
2016-02,0
2016-03,0
2016-04,0
2016-05,0
2016-06,0
2016-07,0
2016-08,0
2016-09,0
2016-10,0
2016-11,0
2016-12,0
2017-01,0
2017-02,0
2017-03,0
2017-04,0
2017-05,0
2017-06,0
2017-07,0
2017-08,0
2017-09,0
2017-10,0
2017-11,0
2017-12,0
2018-01,0
2018-02,0
2018-03,0
2018-04,0
2018-05,0
2018-06,0
2018-07,0
2018-08,0
2018-09,0
2018-10,0
2018-11,0
2018-12,0
2019-01,0
2019-02,0
2019-03,0
2019-04,0
2019-05,0
2019-06,2
2019-07,0
2019-08,0
2019-09,0
2019-10,0
2019-11,0
2019-12,0
2020-01,0
2020-02,0
2020-03,0
2020-04,0
2020-05,0
2020-06,0
2020-07,0
2020-08,0
2020-09,0
2020-10,0
2020-11,0
2020-12,0
2021-01,0
2021-02,0
2021-03,0
2021-04,0
2021-05,0
2021-06,0
2021-07,0
2021-08,0
2021-09,0
2021-10,0
2021-11,0
2021-12,0
2022-01,0
2022-02,0
2022-03,0
2022-04,0
2022-05,0
2022-06,0
2022-07,0
2022-08,0
2022-09,0
2022-10,0
2022-11,0
2022-12,0
2023-01,0
2023-02,0
2023-03,0
2023-04,73
2023-05,136
2023-06,145
2023-07,159
2023-08,152
2023-09,205
2023-10,197
2023-11,186
2023-12,139
2024-01,158
2024-02,115
2024-03,146
2024-04,175
2024-05,233
2024-06,244
2024-07,327
2024-08,252
2024-09,228
